2017,Audi,A1,,
2017,Audi,A1,Sportback,
2017,Audi,A3,Sedan,
2017,Audi,A3,Sportback,
2017,Audi,A4,allroad,quattro
2017,Audi,A4,Avant,
2017,Audi,A4,Sedan,
2017,Audi,A5,Coupe,
2017,Audi,A5,Coupe(NEW),
2017,Audi,A5,Sportback,
2017,Audi,A5,Sportback(NEW),
2017,Audi,A6,allroad,quattro
2017,Audi,A6,Avant,
2017,Audi,A6,Sedan,
2017,Audi,A7,Sportback,
2017,Audi,A8,,
2017,Audi,Q3,,
2017,Audi,Q5,,
2017,Audi,Q7,,
2017,Audi,R8,Coupe,
2017,Audi,TT,,
2016,Audi,A1,,
2016,Audi,A1,Sportback,
2016,Audi,A3,Sedan,
2016,Audi,A3,Sportback,
2016,Audi,A4,Avant,
2016,Audi,A4,Avant(NEW),
2016,Audi,A4,Sedan,
2016,Audi,A4,Sedan(NEW),
2016,Audi,A5,Coupe,
2016,Audi,A5,Sportback,
2016,Audi,A6,allroad,quattro
2016,Audi,A6,Avant,
2016,Audi,A6,Sedan,
2016,Audi,A7,Sportback,
2016,Audi,A8,,
2016,Audi,Q3,,
2016,Audi,Q5,,
2016,Audi,Q7,,
2016,Audi,R8,Coupe,
2016,Audi,R8,Coupe(NEW),
2016,Audi,TT,,
2015,Audi,A1,,
2015,Audi,A1,Sportback,
2015,Audi,A1,Sportback(NEW),
2015,Audi,A1(NEW),,
2015,Audi,A3,Sedan,
2015,Audi,A3,Sportback,
2015,Audi,A4,Avant,
2015,Audi,A4,Sedan,
2015,Audi,A5,Cabriolet,
2015,Audi,A5,Coupe,
2015,Audi,A5,Sportback,
2015,Audi,A6,Avant,
2015,Audi,A6,Avant(NEW),
2015,Audi,A6,Sedan,
2015,Audi,A6,Sedan(NEW),
2015,Audi,A7,Sportback,
2015,Audi,A7,Sportback(NEW),
2015,Audi,A8,,
2015,Audi,Q3,,
2015,Audi,Q3(NEW),,
2015,Audi,Q5,,
2015,Audi,Q7,,
2015,Audi,R8,Coupe,
2015,Audi,R8,Spyder,
2015,Audi,TT,,
2015,Audi,TT(NEW),,
2014,Audi,A1,,
2014,Audi,A1,Sportback,
2014,Audi,A3,Sedan,
2014,Audi,A3,Sportback,
2014,Audi,A4,Avant,
2014,Audi,A4,Sedan,
2014,Audi,A5,Cabriolet,
2014,Audi,A5,Coupe,
2014,Audi,A5,Sportback,
2014,Audi,A6,Avant,
2014,Audi,A6,Sedan,
2014,Audi,A7,Sportback,
2014,Audi,A8,,
2014,Audi,A8(NEW),,
2014,Audi,Q3,,
2014,Audi,Q5,,
2014,Audi,Q7,,
2014,Audi,R8,Coupe,
2014,Audi,R8,Spyder,
2014,Audi,TT,,
2013,Audi,A1,,
2013,Audi,A1,Sportback,
2013,Audi,A3,Sportback,
2013,Audi,A4,Avant,
2013,Audi,A4,Sedan,
2013,Audi,A5,Cabriolet,
2013,Audi,A5,Coupe,
2013,Audi,A5,Sportback,
2013,Audi,A6,Avant,
2013,Audi,A6,Sedan,
2013,Audi,A7,Sportback,
2013,Audi,A8,,
2013,Audi,Q3,,
2013,Audi,Q5,,
2013,Audi,Q7,,
2013,Audi,R8,,
2013,Audi,TT,,
2012,Audi,A1,,
2012,Audi,A1,Sportback,
2012,Audi,A3,Sportback,
2012,Audi,A4,Avant,
2012,Audi,A4,Sedan,
2012,Audi,A5,Cabriolet,
2012,Audi,A5,Coupe,
2012,Audi,A5,Sportback,
2012,Audi,A6,Avant,
2012,Audi,A6,Sedan,
2012,Audi,A7,Sportback,
2012,Audi,A8,,
2012,Audi,Q3,,
2012,Audi,Q5,,
2012,Audi,Q7,,
2012,Audi,R8,,
2012,Audi,TT,,
2011,Audi,A1,,
2011,Audi,A3,Sportback,
2011,Audi,A4,Avant,
2011,Audi,A4,Sedan,
2011,Audi,A5,Cabriolet,
2011,Audi,A5,Coupe,
2011,Audi,A5,Sportback,
2011,Audi,A6,Avant,
2011,Audi,A6,Sedan,
2011,Audi,A7,Sportback,
2011,Audi,A8,,
2011,Audi,Q5,,
2011,Audi,Q7,,
2011,Audi,R8,,
2011,Audi,TT,,
2010,Audi,A3,Sportback,
2010,Audi,A4,Avant,
2010,Audi,A4,Sedan,
2010,Audi,A5,Cabriolet,
2010,Audi,A5,Coupe,
2010,Audi,A5,Sportback,
2010,Audi,A6,Avant,
2010,Audi,A6,Sedan,
2010,Audi,A8L,,
2010,Audi,Q5,,
2010,Audi,Q7,,
2010,Audi,R8,,
2010,Audi,TT,,
2009,Audi,A3,,
2009,Audi,A4,,
2009,Audi,A5,,
2009,Audi,A6,,
2009,Audi,Q5,,
2009,Audi,Q7,,
2009,Audi,RS6,,
2009,Audi,S3,,
2009,Audi,S5,,
2009,Audi,TT,,
2008,Audi,A3,,
2008,Audi,A4,,
2008,Audi,A5,,
2008,Audi,A6,,
2008,Audi,A8L,,
2008,Audi,Q7,,
2008,Audi,RS4,,
2008,Audi,S3,,
2008,Audi,S5,,
2008,Audi,S6,,
2008,Audi,S8,,
2008,Audi,TT,,
2017,M-Benz,A-Class,,
2017,M-Benz,AMG,GT,
2017,M-Benz,B-Class,,
2017,M-Benz,C-Class,Coupe,
2017,M-Benz,C-Class,Estate,
2017,M-Benz,C-Class,Sedan,
2017,M-Benz,CLA,Shooting,Brake
2017,M-Benz,CLA-Class,,
2017,M-Benz,CLS,Shooting,Brake
2017,M-Benz,CLS-Class,,
2017,M-Benz,E-Class,Coupe,
2017,M-Benz,E-Class,Coupe(NEW),
2017,M-Benz,E-Class,Estate,
2017,M-Benz,E-Class,Sedan,
2017,M-Benz,G-Class,,
2017,M-Benz,GLA-Class,,
2017,M-Benz,GLA-Class(NEW),,
2017,M-Benz,GLC,Coupe,
2017,M-Benz,GLC-Class,,
2017,M-Benz,GLE,Coupe,
2017,M-Benz,GLE-Class,,
2017,M-Benz,GLS-Class,,
2017,M-Benz,S-Class,,
2017,M-Benz,S-Class,Coupe,
2017,M-Benz,SL-Class,,
2017,M-Benz,SLC-Class,,
2017,M-Benz,V-Class,,
2017,M-Benz,Vito,Tourer,
2016,M-Benz,A-Class,,
2016,M-Benz,AMG,GT,
2016,M-Benz,B-Class,,
2016,M-Benz,C-Class,Coupe,
2016,M-Benz,C-Class,Estate,
2016,M-Benz,C-Class,Sedan,
2016,M-Benz,CLA,Shooting,Brake
2016,M-Benz,CLA-Class,,
2016,M-Benz,CLS,Shooting,Brake
2016,M-Benz,CLS-Class,,
2016,M-Benz,E-Class,Coupe,
2016,M-Benz,E-Class,Estate,
2016,M-Benz,E-Class,Sedan,
2016,M-Benz,E-Class,Sedan(NEW),
2016,M-Benz,G-Class,,
2016,M-Benz,GL-Class,,
2016,M-Benz,GLA-Class,,
2016,M-Benz,GLC-Class,,
2016,M-Benz,GLE,Coupe,
2016,M-Benz,GLE-Class,,
2016,M-Benz,GLS-Class,,
2016,M-Benz,S-Class,,
2016,M-Benz,S-Class,Coupe,
2016,M-Benz,SL-Class,,
2016,M-Benz,SL-Class(NEW),,
2016,M-Benz,SLC-Class,,
2016,M-Benz,SLK-Class,,
2016,M-Benz,V-Class,,
2016,M-Benz,Vito,Tourer,
2015,M-Benz,A-Class,,
2015,M-Benz,AMG,GT,
2015,M-Benz,B-Class,,
2015,M-Benz,C-Class,Estate,
2015,M-Benz,C-Class,Sedan,
2015,M-Benz,CLA,Shooting,Brake
2015,M-Benz,CLA-Class,,
2015,M-Benz,CLS,Shooting,Brake
2015,M-Benz,CLS-Class,,
2015,M-Benz,E-Class,Coupe,
2015,M-Benz,E-Class,Estate,
2015,M-Benz,E-Class,Sedan,
2015,M-Benz,G-Class,,
2015,M-Benz,GL-Class,,
2015,M-Benz,GLA-Class,,
2015,M-Benz,GLK-Class,,
2015,M-Benz,M-Class,,
2015,M-Benz,S-Class,,
2015,M-Benz,S-Class,Coupe,
2015,M-Benz,SL-Class,,
2015,M-Benz,SLK-Class,,
2015,M-Benz,V-Class,,
2014,M-Benz,A-Class,,
2014,M-Benz,B-Class,,
2014,M-Benz,C-Class,Coupe,
2014,M-Benz,C-Class,Estate,
2014,M-Benz,C-Class,Sedan,
2014,M-Benz,C-Class,Sedan(NEW),
2014,M-Benz,CLA-Class,,
2014,M-Benz,CLS,Shooting,Brake
2014,M-Benz,CLS-Class,,
2014,M-Benz,E-Class,Coupe,
2014,M-Benz,E-Class,Estate,
2014,M-Benz,E-Class,Sedan,
2014,M-Benz,G-Class,,
2014,M-Benz,GL-Class,,
2014,M-Benz,GLA-Class,,
2014,M-Benz,GLK-Class,,
2014,M-Benz,M-Class,,
2014,M-Benz,S-Class,,
2014,M-Benz,SL-Class,,
2014,M-Benz,SLK-Class,,
2014,M-Benz,SLS,AMG,
2013,M-Benz,A-Class,,
2013,M-Benz,B-Class,,
2013,M-Benz,C-Class,Coupe,
2013,M-Benz,C-Class,Estate,
2013,M-Benz,C-Class,Sedan,
2013,M-Benz,CL-Class,,
2013,M-Benz,CLA-Class,,
2013,M-Benz,CLS,Shooting,Brake
2013,M-Benz,CLS-Class,,
2013,M-Benz,E-Class,Cabriolet,
2013,M-Benz,E-Class,Coupe,
2013,M-Benz,E-Class,Coupe(NEW),
2013,M-Benz,E-Class,Estate,
2013,M-Benz,E-Class,Estate(NEW),
2013,M-Benz,E-Class,Sedan,
2013,M-Benz,E-Class,Sedan(NEW),
2013,M-Benz,G-Class,,
2013,M-Benz,GL-Class,,
2013,M-Benz,GLK-Class,,
2013,M-Benz,M-Class,,
2013,M-Benz,R-Class,,
2013,M-Benz,S-Class,,
2013,M-Benz,SL-Class,,
2013,M-Benz,SLK-Class,,
2013,M-Benz,SLS,AMG,
2013,M-Benz,SLS,AMG,Roadster
2012,M-Benz,B-Class,,
2012,M-Benz,C-Class,Coupe,
2012,M-Benz,C-Class,Estate,
2012,M-Benz,C-Class,Sedan,
2012,M-Benz,CL-Class,,
2012,M-Benz,CLS-Class,,
2012,M-Benz,E-Class,Cabriolet,
2012,M-Benz,E-Class,Coupe,
2012,M-Benz,E-Class,Estate,
2012,M-Benz,E-Class,Sedan,
2012,M-Benz,GL-Class,,
2012,M-Benz,GLK-Class,,
2012,M-Benz,M-Class,,
2012,M-Benz,R-Class,,
2012,M-Benz,S-Class,,
2012,M-Benz,SL-Class,,
2012,M-Benz,SLK-Class,,
2012,M-Benz,SLS,AMG,
2012,M-Benz,SLS,AMG,Roadster
2011,M-Benz,B-Class,,
2011,M-Benz,C-Class,Coupe,
2011,M-Benz,C-Class,Estate,
2011,M-Benz,C-Class,Sedan,
2011,M-Benz,CL-Class,,
2011,M-Benz,CLS-Class,,
2011,M-Benz,E-Class,Coupe,
2011,M-Benz,E-Class,Estate,
2011,M-Benz,E-Class,Sedan,
2011,M-Benz,G-Class,,
2011,M-Benz,GLK-Class,,
2011,M-Benz,M-Class,,
2011,M-Benz,R-Class,,
2011,M-Benz,S-Class,,
2011,M-Benz,SL-Class,,
2011,M-Benz,SLK-Class,,
2011,M-Benz,SLS,AMG,
2011,M-Benz,SLS,AMG,Roadster
2010,M-Benz,B-Class,,
2010,M-Benz,C-Class,Estate,
2010,M-Benz,C-Class,Sedan,
2010,M-Benz,CL-Class,,
2010,M-Benz,CLS-Class,,
2010,M-Benz,E-Class,Coupe,
2010,M-Benz,E-Class,Estate,
2010,M-Benz,E-Class,Sedan,
2010,M-Benz,G-Class,,
2010,M-Benz,GLK-Class,,
2010,M-Benz,M-Class,,
2010,M-Benz,R-Class,,
2010,M-Benz,S-Class,,
2010,M-Benz,SL-Class,,
2010,M-Benz,SLK-Class,,
2010,M-Benz,SLS,AMG,
2009,M-Benz,AMG,,
2009,M-Benz,B-Class,,
2009,M-Benz,C-Class,,
2009,M-Benz,CL-Class,,
2009,M-Benz,CLS,,
2009,M-Benz,E-Class,,
2009,M-Benz,GLK-Class,,
2009,M-Benz,M-Class,,
2009,M-Benz,R-Class,,
2009,M-Benz,S-Class,,
2009,M-Benz,SL-Class,,
2009,M-Benz,SLK-Class,,
2008,M-Benz,AMG,,
2008,M-Benz,B-Class,,
2008,M-Benz,C-Class,,
2008,M-Benz,CL-Class,,
2008,M-Benz,CLK-Class,,
2008,M-Benz,CLS-Class,,
2008,M-Benz,E-Class,,
2008,M-Benz,M-Class,,
2008,M-Benz,R-Class,,
2008,M-Benz,S-Class,,
2008,M-Benz,SL,,
2008,M-Benz,SLK,,
2017,BMW,1-Series,,
2017,BMW,2-Series,,
2017,BMW,2-Series,Active,Tourer
2017,BMW,2-Series,Convertible,
2017,BMW,2-Series,Gran,Tourer
2017,BMW,3-Series,GT,
2017,BMW,3-Series,Sedan,
2017,BMW,3-Series,Touring,
2017,BMW,4-Series,,
2017,BMW,4-Series,Convertible,
2017,BMW,4-Series,Convertible(NEW),
2017,BMW,4-Series,Gran,Coupe
2017,BMW,4-Series,Gran,Coupe(NEW)
2017,BMW,4-Series(NEW),,
2017,BMW,5-Series,GT,
2017,BMW,5-Series,Sedan,
2017,BMW,5-Series,Sedan(NEW),
2017,BMW,5-Series,Touring,
2017,BMW,6-Series,Coupe,
2017,BMW,6-Series,Gran,Coupe
2017,BMW,7-Series,,
2017,BMW,i3,,
2017,BMW,i8,,
2017,BMW,X1,,
2017,BMW,X3,,
2017,BMW,X4,,
2017,BMW,X5,,
2017,BMW,X6,,
2017,BMW,Z4,,
2016,BMW,1-Series,,
2016,BMW,2-Series,,
2016,BMW,2-Series,Active,Tourer
2016,BMW,2-Series,Gran,Tourer
2016,BMW,3-Series,GT,
2016,BMW,3-Series,Sedan,
2016,BMW,3-Series,Touring,
2016,BMW,4-Series,,
2016,BMW,4-Series,Convertible,
2016,BMW,4-Series,Gran,Coupe
2016,BMW,5-Series,GT,
2016,BMW,5-Series,Sedan,
2016,BMW,5-Series,Touring,
2016,BMW,6-Series,Coupe,
2016,BMW,6-Series,Gran,Coupe
2016,BMW,7-Series,,
2016,BMW,i3,,
2016,BMW,i8,,
2016,BMW,X1,,
2016,BMW,X3,,
2016,BMW,X4,,
2016,BMW,X5,,
2016,BMW,X6,,
2016,BMW,Z4,,
2015,BMW,1-Series,,
2015,BMW,1-Series(NEW),,
2015,BMW,2-Series,,
2015,BMW,2-Series,Active,Tourer
2015,BMW,2-Series,Gran,Tourer
2015,BMW,3-Series,GT,
2015,BMW,3-Series,Sedan,
2015,BMW,3-Series,Touring,
2015,BMW,4-Series,,
2015,BMW,4-Series,Convertible,
2015,BMW,4-Series,Gran,Coupe
2015,BMW,5-Series,GT,
2015,BMW,5-Series,Sedan,
2015,BMW,5-Series,Touring,
2015,BMW,6-Series,Coupe,
2015,BMW,6-Series,Coupe(NEW),
2015,BMW,6-Series,Gran,Coupe
2015,BMW,6-Series,Gran,Coupe(NEW)
2015,BMW,7-Series,,
2015,BMW,i3,,
2015,BMW,i8,,
2015,BMW,X1,,
2015,BMW,X3,,
2015,BMW,X4,,
2015,BMW,X5,,
2015,BMW,X6,,
2015,BMW,Z4,,
2014,BMW,1-Series,,
2014,BMW,2-Series,,
2014,BMW,3-Series,GT,
2014,BMW,3-Series,Sedan,
2014,BMW,3-Series,Touring,
2014,BMW,4-Series,,
2014,BMW,4-Series,Convertible,
2014,BMW,4-Series,Gran,Coupe
2014,BMW,5-Series,GT,
2014,BMW,5-Series,Sedan,
2014,BMW,5-Series,Touring,
2014,BMW,6-Series,Coupe,
2014,BMW,6-Series,Gran,Coupe
2014,BMW,7-Series,,
2014,BMW,i3,,
2014,BMW,i8,,
2014,BMW,X1,,
2014,BMW,X1(NEW),,
2014,BMW,X3,,
2014,BMW,X3(NEW),,
2014,BMW,X4,,
2014,BMW,X5,,
2014,BMW,X6,,
2014,BMW,Z4,,
2013,BMW,1-Series,,
2013,BMW,1-Series,Coupe,
2013,BMW,3-Series,Convertible,
2013,BMW,3-Series,Coupe,
2013,BMW,3-Series,GT,
2013,BMW,3-Series,Sedan,
2013,BMW,3-Series,Touring,
2013,BMW,5-Series,GT,
2013,BMW,5-Series,Sedan,
2013,BMW,5-Series,Touring,
2013,BMW,6-Series,Coupe,
2013,BMW,6-Series,Gran,Coupe
2013,BMW,7-Series,,
2013,BMW,X1,,
2013,BMW,X3,,
2013,BMW,X5,,
2013,BMW,X6,,
2013,BMW,Z4,,
2012,BMW,1-Series,,
2012,BMW,1-Series,Coupe,
2012,BMW,3-Series,Convertible,
2012,BMW,3-Series,Coupe,
2012,BMW,3-Series,Sedan,
2012,BMW,5-Series,GT,
2012,BMW,5-Series,Sedan,
2012,BMW,5-Series,Touring,
2012,BMW,6-Series,Coupe,
2012,BMW,6-Series,Gran,Coupe
2012,BMW,7-Series,,
2012,BMW,X1,,
2012,BMW,X3,,
2012,BMW,X5,,
2012,BMW,X6,,
2012,BMW,Z4,,
2011,BMW,1-Series,,
2011,BMW,1-Series,Coupe,
2011,BMW,3-Series,Convertible,
2011,BMW,3-Series,Coupe,
2011,BMW,3-Series,Sedan,
2011,BMW,3-Series,Touring,
2011,BMW,5-Series,GT,
2011,BMW,5-Series,Sedan,
2011,BMW,5-Series,Touring,
2011,BMW,7-Series,,
2011,BMW,X1,,
2011,BMW,X3,,
2011,BMW,X5,,
2011,BMW,X6,,
2011,BMW,Z4,,
2010,BMW,1-Series,,
2010,BMW,3-Series,Convertible,
2010,BMW,3-Series,Coupe,
2010,BMW,3-Series,Sedan,
2010,BMW,3-Series,Touring,
2010,BMW,5-Series,GT,
2010,BMW,5-Series,Sedan,
2010,BMW,6-Series,,
2010,BMW,7-Series,,
2010,BMW,X1,,
2010,BMW,X3,,
2010,BMW,X5,,
2010,BMW,X6,,
2010,BMW,Z4,,
2009,BMW,1-Series,,
2009,BMW,3,Series,Convertible
2009,BMW,3,Series,Coupe
2009,BMW,3-Series,Sedan,
2009,BMW,5-Series,,
2009,BMW,6-Series,,
2009,BMW,7,Series,
2009,BMW,M3,,
2009,BMW,M6,,
2009,BMW,X3,xDrive,
2009,BMW,X5,xDrive,
2009,BMW,X6,xDrive,
2008,BMW,1,Series,
2008,BMW,3,Series,Convertible
2008,BMW,3,Series,Coupe
2008,BMW,3,Series,Sedan
2008,BMW,3,Series,Touring
2008,BMW,5,Series,
2008,BMW,6,Series,
2008,BMW,7,Series,
2008,BMW,M3,,
2008,BMW,M5,,
2008,BMW,M6,,
2008,BMW,X3,,
2008,BMW,X5,,
2008,BMW,X6,,
2008,BMW,Z4,Coupe,
2017,Ford,EcoSport,,
2017,Ford,Fiesta,,
2017,Ford,Focus,4D,
2017,Ford,Focus,5D,
2017,Ford,Kuga,,
2017,Ford,Mondeo,,
2017,Ford,Mustang,,
2017,Ford,Ranger,,
2017,Ford,Tourneo,Custom,
2016,Ford,EcoSport,,
2016,Ford,Fiesta,,
2016,Ford,Focus,4D,
2016,Ford,Focus,5D,
2016,Ford,Kuga,,
2016,Ford,Mondeo,,
2016,Ford,Mustang,,
2016,Ford,Ranger,,
2016,Ford,Tourneo,Custom,
2015,Ford,EcoSport,,
2015,Ford,Fiesta,,
2015,Ford,Focus,4D,
2015,Ford,Focus,5D,
2015,Ford,Kuga,,
2015,Ford,Mondeo,,
2015,Ford,Mondeo,TDCi,
2015,Ford,Mustang,,
2015,Ford,Ranger,,
2015,Ford,Tourneo,Custom,
2014,Ford,EcoSport,,
2014,Ford,Fiesta,,
2014,Ford,Focus,4D,
2014,Ford,Focus,5D,
2014,Ford,Kuga,,
2014,Ford,Mondeo,,
2014,Ford,Ranger,,
2013,Ford,Escape,,
2013,Ford,Fiesta,4D,
2013,Ford,Fiesta,5D,
2013,Ford,Focus,4D,
2013,Ford,Focus,5D,
2013,Ford,Kuga,,
2013,Ford,Mondeo,,
2013,Ford,Mustang,,
2013,Ford,Ranger,,
2012,Ford,Escape,,
2012,Ford,Fiesta,4D,
2012,Ford,Fiesta,5D,
2012,Ford,Focus,4D,
2012,Ford,Focus,5D,
2012,Ford,Mondeo,,
2012,Ford,Ranger,,
2011,Ford,Escape,,
2011,Ford,Fiesta,,
2011,Ford,Focus,4D,
2011,Ford,Focus,5D,
2011,Ford,i-Max,,
2011,Ford,Mondeo,,
2011,Ford,Ranger,,
2010,Ford,Econovan,,
2010,Ford,Escape,,
2010,Ford,Fiesta,,
2010,Ford,Focus,,
2010,Ford,i-Max,,
2010,Ford,Mondeo,,
2010,Ford,Ranger,,
2009,Ford,Econovan,,
2009,Ford,Escape,,
2009,Ford,Fiesta,,
2009,Ford,Focus,Powershift,
2009,Ford,i-Max,,
2009,Ford,Mondeo,,
2008,Ford,Escape,,
2008,Ford,Focus,,
2008,Ford,i-Max,,
2008,Ford,Mondeo,,
2017,Honda,Accord,,
2017,Honda,City,,
2017,Honda,CR-V,,
2017,Honda,Fit,,
2017,Honda,HR-V,,
2017,Honda,NSX,,
2017,Honda,Odyssey,,
2016,Honda,Accord,,
2016,Honda,City,,
2016,Honda,Civic,,
2016,Honda,CR-V,,
2016,Honda,Fit,,
2016,Honda,Odyssey,,
2015,Honda,Accord,,
2015,Honda,City,,
2015,Honda,Civic,,
2015,Honda,CR-V,,
2015,Honda,CR-V(NEW),,
2015,Honda,CR-Z,,
2015,Honda,Fit,,
2015,Honda,Odyssey,,
2014,Honda,Accord,,
2014,Honda,City,,
2014,Honda,Civic,,
2014,Honda,Civic(NEW),,
2014,Honda,CR-V,,
2014,Honda,CR-Z,,
2014,Honda,Fit,,
2014,Honda,Insight,Hybrid,
2013,Honda,Accord,,
2013,Honda,Accord(NEW),,
2013,Honda,Civic,,
2013,Honda,CR-V,,
2013,Honda,CR-Z,,
2013,Honda,Fit,,
2013,Honda,Insight,Hybrid,
2012,Honda,Accord,,
2012,Honda,Civic,,
2012,Honda,CR-V,,
2012,Honda,CR-Z,,
2012,Honda,Fit,,
2012,Honda,Insight,Hybrid,
2011,Honda,Accord,,
2011,Honda,Civic,,
2011,Honda,CR-V,,
2011,Honda,Fit,,
2011,Honda,Insight,Hybrid,
2010,Honda,Accord,,
2010,Honda,Civic,,
2010,Honda,CR-V,,
2010,Honda,Fit,,
2009,Honda,Accord,,
2009,Honda,Civic,,
2009,Honda,CR-V,,
2009,Honda,Fit,,
2009,Honda,Legend,,
2008,Honda,Accord,,
2008,Honda,Civic,,
2008,Honda,CR-V,,
2008,Honda,Legend,,
2017,Lexus,CT,,
2017,Lexus,ES,,
2017,Lexus,GS,,
2017,Lexus,IS,,
2017,Lexus,LC,,
2017,Lexus,LS,,
2017,Lexus,LX,,
2017,Lexus,NX,,
2017,Lexus,RC,,
2017,Lexus,RX,,
2016,Lexus,CT,,
2016,Lexus,ES,,
2016,Lexus,GS,,
2016,Lexus,IS,,
2016,Lexus,LS,,
2016,Lexus,LX,,
2016,Lexus,NX,,
2016,Lexus,RC,,
2016,Lexus,RX,,
2015,Lexus,CT,,
2015,Lexus,ES,,
2015,Lexus,GS,,
2015,Lexus,IS,,
2015,Lexus,LS,,
2015,Lexus,LX,,
2015,Lexus,NX,,
2015,Lexus,RC,,
2015,Lexus,RX,,
2014,Lexus,CT,,
2014,Lexus,ES,,
2014,Lexus,GS,,
2014,Lexus,IS,,
2014,Lexus,LS,,
2014,Lexus,LX,,
2014,Lexus,NX,,
2014,Lexus,RX,,
2013,Lexus,CT,,
2013,Lexus,ES,,
2013,Lexus,GS,,
2013,Lexus,IS,,
2013,Lexus,ISC,,
2013,Lexus,LS,,
2013,Lexus,LX,,
2013,Lexus,RX,,
2012,Lexus,CT,,
2012,Lexus,ES,,
2012,Lexus,GS,,
2012,Lexus,IS,,
2012,Lexus,ISC,,
2012,Lexus,LS,,
2012,Lexus,LX,,
2012,Lexus,RX,,
2011,Lexus,CT,,
2011,Lexus,ES,,
2011,Lexus,GS,,
2011,Lexus,IS,,
2011,Lexus,ISC,,
2011,Lexus,LS,,
2011,Lexus,LX,,
2011,Lexus,RX,,
2010,Lexus,ES,,
2010,Lexus,GS,,
2010,Lexus,IS,,
2010,Lexus,ISC,,
2010,Lexus,LFA,,
2010,Lexus,LS,,
2010,Lexus,LX,,
2010,Lexus,RX,,
2010,Lexus,SC,,
2009,Lexus,ES,,
2009,Lexus,GS,,
2009,Lexus,IS,,
2009,Lexus,ISC,,
2009,Lexus,LS,,
2009,Lexus,LX,,
2009,Lexus,RX,,
2009,Lexus,SC,,
2008,Lexus,ES,,
2008,Lexus,GS,,
2008,Lexus,IS,,
2008,Lexus,LS,,
2008,Lexus,LX,,
2008,Lexus,RX,,
2008,Lexus,SC,,
2017,Mazda,2,,
2017,Mazda,2(NEW),,
2017,Mazda,3,4D,
2017,Mazda,3,5D,
2017,Mazda,6,,
2017,Mazda,6,Wagon,
2017,Mazda,CX-3,,
2017,Mazda,CX-5,,
2017,Mazda,CX-5(NEW),,
2017,Mazda,CX-9,,
2017,Mazda,MX-5,,
2016,Mazda,2,,
2016,Mazda,3,4D,
2016,Mazda,3,5D,
2016,Mazda,5,,
2016,Mazda,6,,
2016,Mazda,CX-3,,
2016,Mazda,CX-5,,
2016,Mazda,MX-5,,
2015,Mazda,3,4D,
2015,Mazda,3,5D,
2015,Mazda,5,,
2015,Mazda,6,,
2015,Mazda,6(NEW),,
2015,Mazda,CX-5,,
2015,Mazda,CX-5(NEW),,
2015,Mazda,CX-9,,
2014,Mazda,2,,
2014,Mazda,3,4D,
2014,Mazda,3,5D,
2014,Mazda,5,,
2014,Mazda,6,,
2014,Mazda,CX-5,,
2014,Mazda,CX-9,,
2013,Mazda,2,,
2013,Mazda,3,4D,
2013,Mazda,3,5D,
2013,Mazda,5,,
2013,Mazda,6,,
2013,Mazda,CX-5,,
2013,Mazda,CX-9,,
2012,Mazda,2,,
2012,Mazda,3,4D,
2012,Mazda,3,5D,
2012,Mazda,5,,
2012,Mazda,6,,
2012,Mazda,CX-7,,
2012,Mazda,CX-9,,
2011,Mazda,2,,
2011,Mazda,3,4D,
2011,Mazda,3,5D,
2011,Mazda,5,,
2011,Mazda,6,,
2011,Mazda,CX-7,,
2011,Mazda,CX-9,,
2010,Mazda,2,,
2010,Mazda,3,4D,
2010,Mazda,3,5D,
2010,Mazda,5,,
2010,Mazda,6,,
2010,Mazda,CX-7,,
2010,Mazda,CX-9,,
2009,Mazda,2,,
2009,Mazda,3,,
2009,Mazda,5,,
2009,Mazda,6,,
2009,Mazda,Tribute,,
2008,Mazda,2,,
2008,Mazda,3,,
2008,Mazda,5,,
2008,Mazda,6,,
2008,Mazda,Tribute,,
2017,Mitsubishi,Colt,Plus,
2017,Mitsubishi,Colt,Plus(NEW),
2017,Mitsubishi,Lancer,,
2017,Mitsubishi,Outlander,,
2017,Mitsubishi,Pajero五門款,,
2017,Mitsubishi,Zinger,,
2016,Mitsubishi,Colt,Plus,
2016,Mitsubishi,Lancer,,
2016,Mitsubishi,Lancer,Sportback,
2016,Mitsubishi,Outlander,,
2016,Mitsubishi,Pajero三門款,,
2016,Mitsubishi,Pajero五門款,,
2016,Mitsubishi,Zinger,,
2015,Mitsubishi,Colt,Plus,
2015,Mitsubishi,Lancer,,
2015,Mitsubishi,Lancer,Sportback,
2015,Mitsubishi,Outlander,,
2015,Mitsubishi,Pajero三門款,,
2015,Mitsubishi,Pajero五門款,,
2015,Mitsubishi,Zinger,,
2014,Mitsubishi,Colt,Plus,
2014,Mitsubishi,Lancer,,
2014,Mitsubishi,Lancer,Sportback,
2014,Mitsubishi,Lancer(NEW),,
2014,Mitsubishi,Outlander,,
2014,Mitsubishi,Pajero三門款,,
2014,Mitsubishi,Pajero五門款,,
2014,Mitsubishi,Savrin,,
2014,Mitsubishi,Zinger,,
2013,Mitsubishi,ASX,,
2013,Mitsubishi,Boss,Zinger,
2013,Mitsubishi,Colt,Plus,
2013,Mitsubishi,Grunder,,
2013,Mitsubishi,Lancer,,
2013,Mitsubishi,Outlander,,
2013,Mitsubishi,Pajero,,
2013,Mitsubishi,Savrin,,
2012,Mitsubishi,ASX,,
2012,Mitsubishi,Boss,Zinger,
2012,Mitsubishi,Colt,Plus,
2012,Mitsubishi,Grunder,,
2012,Mitsubishi,Lancer,,
2012,Mitsubishi,Outlander,,
2012,Mitsubishi,Savrin,,
2011,Mitsubishi,Colt,Plus,
2011,Mitsubishi,Grunder,,
2011,Mitsubishi,Lancer,,
2011,Mitsubishi,Outlander,,
2011,Mitsubishi,Savrin,,
2011,Mitsubishi,Super,Zinger,
2010,Mitsubishi,Colt,Plus,
2010,Mitsubishi,Grunder,,
2010,Mitsubishi,Lancer,,
2010,Mitsubishi,Outlander,,
2010,Mitsubishi,Pajero,,
2010,Mitsubishi,Savrin,,
2010,Mitsubishi,Super,Zinger,
2009,Mitsubishi,Colt,Plus,
2009,Mitsubishi,Grunder,,
2009,Mitsubishi,Lancer,Fortis,
2009,Mitsubishi,Outlander,,
2009,Mitsubishi,Pajero,,
2009,Mitsubishi,Savrin,,
2009,Mitsubishi,Savrin,Inspire,
2009,Mitsubishi,Super,Zinger,
2008,Mitsubishi,Colt,Plus,
2008,Mitsubishi,Grunder,,
2008,Mitsubishi,Lancer,Fortis,
2008,Mitsubishi,Lancer,iO,
2008,Mitsubishi,Outlander,,
2008,Mitsubishi,Pajero,,
2008,Mitsubishi,Savrin,,
2008,Mitsubishi,Space,Gear,
2008,Mitsubishi,Zinger,,
2017,Nissan,370Z,Coupe,
2017,Nissan,GT-R,,
2017,Nissan,Juke,,
2017,Nissan,Livina,,
2017,Nissan,March,,
2017,Nissan,Murano,,
2017,Nissan,Sentra,,
2017,Nissan,Teana,,
2017,Nissan,Tiida,4D,
2017,Nissan,Tiida,5D,
2017,Nissan,Tiida,5D(NEW),
2017,Nissan,X-Trail,,
2016,Nissan,370Z,Coupe,
2016,Nissan,GT-R,,
2016,Nissan,Juke,,
2016,Nissan,Livina,,
2016,Nissan,March,,
2016,Nissan,Sentra,,
2016,Nissan,Teana,,
2016,Nissan,Tiida,4D,
2016,Nissan,Tiida,5D,
2016,Nissan,X-Trail,,
2015,Nissan,370Z,Coupe,
2015,Nissan,370Z,Roadster,
2015,Nissan,GT-R,,
2015,Nissan,Juke,,
2015,Nissan,Livina,,
2015,Nissan,March,,
2015,Nissan,Murano,,
2015,Nissan,Rogue,,
2015,Nissan,Sentra,,
2015,Nissan,Teana,,
2015,Nissan,Tiida,4D,
2015,Nissan,Tiida,5D,
2015,Nissan,X-Trail,,
2014,Nissan,370,Z,Coupe
2014,Nissan,370Z,Roadster,
2014,Nissan,GT-R,,
2014,Nissan,Juke,,
2014,Nissan,Livina,,
2014,Nissan,March,,
2014,Nissan,Murano,,
2014,Nissan,Rogue,,
2014,Nissan,Sentra,,
2014,Nissan,Teana,,
2014,Nissan,Tiida,4D,
2014,Nissan,Tiida,5D,
2013,Nissan,370Z,Coupe,
2013,Nissan,370Z,Roadster,
2013,Nissan,Bluebird,,
2013,Nissan,Grand,Livina,
2013,Nissan,GT-R,,
2013,Nissan,Juke,,
2013,Nissan,Livina,,
2013,Nissan,March,,
2013,Nissan,Murano,,
2013,Nissan,Rogue,,
2013,Nissan,Teana,,
2013,Nissan,Tiida,4D,
2013,Nissan,Tiida,5D,
2012,Nissan,370Z,Coupe,
2012,Nissan,370Z,Roadster,
2012,Nissan,Bluebird,,
2012,Nissan,Grand,Livina,
2012,Nissan,GT-R,,
2012,Nissan,Livina,,
2012,Nissan,March,,
2012,Nissan,Murano,,
2012,Nissan,Rogue,,
2012,Nissan,Serena,,
2012,Nissan,Teana,,
2012,Nissan,Tiida,4D,
2012,Nissan,Tiida,5D,
2011,Nissan,370Z,Coupe,
2011,Nissan,370Z,Roadster,
2011,Nissan,Bluebird,,
2011,Nissan,Grand,Livina,
2011,Nissan,GT-R,,
2011,Nissan,Livina,,
2011,Nissan,Murano,,
2011,Nissan,Rogue,,
2011,Nissan,Serena,,
2011,Nissan,Teana,,
2011,Nissan,Tiida,4D,
2011,Nissan,Tiida,5D,
2010,Nissan,370Z,,
2010,Nissan,GT-R,,
2010,Nissan,Livina,,
2010,Nissan,Murano,,
2010,Nissan,New,Bluebird,
2010,Nissan,Rogue,,
2010,Nissan,Serena,,
2010,Nissan,Teana,,
2010,Nissan,Tiida,,
2010,Nissan,X-Trail,,
2009,Nissan,370Z,,
2009,Nissan,GT-R,,
2009,Nissan,Livina,,
2009,Nissan,Murano,,
2009,Nissan,New,Bluebird,
2009,Nissan,Quest,,
2009,Nissan,Rogue,,
2009,Nissan,Serena,,
2009,Nissan,Teana,,
2009,Nissan,Tiida,,
2009,Nissan,X-Trail,,
2008,Nissan,350Z,,
2008,Nissan,Bluebird,Sylphy,
2008,Nissan,Grand,Livina,
2008,Nissan,Livina,,
2008,Nissan,Murano,,
2008,Nissan,Quest,,
2008,Nissan,Serena,,
2008,Nissan,Teana,,
2008,Nissan,Tiida,,
2008,Nissan,X-Trail,,
2017,Porsche,911,Carrera,
2017,Porsche,911,Carrera,4
2017,Porsche,911,Targa,
2017,Porsche,911,Turbo,
2017,Porsche,Boxster,,
2017,Porsche,Cayenne,,
2017,Porsche,Cayman,,
2017,Porsche,Macan,,
2017,Porsche,Panamera,,
2016,Porsche,911,Carrera,
2016,Porsche,911,Carrera,4
2016,Porsche,911,Carrera,4(NEW)
2016,Porsche,911,Carrera(NEW),
2016,Porsche,911,GT3,
2016,Porsche,911,Targa,
2016,Porsche,911,Targa(NEW),
2016,Porsche,911,Turbo,
2016,Porsche,911,Turbo(NEW),
2016,Porsche,Boxster,,
2016,Porsche,Boxster(NEW),,
2016,Porsche,Cayenne,,
2016,Porsche,Cayman,,
2016,Porsche,Macan,,
2016,Porsche,Panamera,,
2015,Porsche,911,Carrera,
2015,Porsche,911,Carrera,4
2015,Porsche,911,GT3,
2015,Porsche,911,Targa,
2015,Porsche,911,Turbo,
2015,Porsche,Boxster,,
2015,Porsche,Cayenne,,
2015,Porsche,Cayman,,
2015,Porsche,Macan,,
2015,Porsche,Panamera,,
2014,Porsche,911,Carrera,
2014,Porsche,911,Carrera,4
2014,Porsche,911,GT3,
2014,Porsche,911,Targa,
2014,Porsche,911,Turbo,
2014,Porsche,Boxster,,
2014,Porsche,Cayenne,,
2014,Porsche,Cayman,,
2014,Porsche,Macan,,
2014,Porsche,Panamera,,
2013,Porsche,911,Carrera,
2013,Porsche,911,Carrera,4
2013,Porsche,Boxster,,
2013,Porsche,Cayenne,,
2013,Porsche,Cayman,,
2013,Porsche,Panamera,,
2012,Porsche,911,Carrera,
2012,Porsche,911,Carrera,4
2012,Porsche,911,Carrera,GTS
2012,Porsche,911,Targa,
2012,Porsche,911,Turbo,
2012,Porsche,Boxster,,
2012,Porsche,Cayenne,,
2012,Porsche,Cayman,,
2012,Porsche,Panamera,,
2011,Porsche,911,Carrera,
2011,Porsche,911,Carrera,4
2011,Porsche,911,GT3,
2011,Porsche,911,Targa,
2011,Porsche,911,Turbo,
2011,Porsche,Boxster,,
2011,Porsche,Cayenne,,
2011,Porsche,Cayman,,
2011,Porsche,Panamera,,
2010,Porsche,911,Carrera,
2010,Porsche,911,Carrera,4
2010,Porsche,911,GT2,
2010,Porsche,911,GT3,
2010,Porsche,911,Targa,
2010,Porsche,911,Turbo,
2010,Porsche,Boxster,,
2010,Porsche,Cayenne,,
2010,Porsche,Cayman,,
2010,Porsche,Panamera,,
2009,Porsche,911,Carrera,
2009,Porsche,911,Carrera,4
2009,Porsche,911,GT2,
2009,Porsche,911,GT3,
2009,Porsche,911,Targa,
2009,Porsche,911,Turbo,
2009,Porsche,Boxster,,
2009,Porsche,Cayenne,,
2009,Porsche,Cayman,,
2009,Porsche,Panamera,,
2008,Porsche,911,Carrera,
2008,Porsche,911,Carrera,4
2008,Porsche,911,GT2,
2008,Porsche,911,GT3,
2008,Porsche,911,Targa,4
2008,Porsche,911,Turbo,
2008,Porsche,Boxster,,
2008,Porsche,Cayenne,,
2008,Porsche,Cayman,,
2007,Porsche,Cayenne,,
2017 Suzuki Baleno
2017 Suzuki Ignis
2017 Suzuki Jimny
2017 Suzuki Swift
2017 Suzuki SX4 Crossover
2017 Suzuki Vitara
2016 Suzuki Grand Vitara JP
2016 Suzuki Jimny
2016 Suzuki Swift
2016 Suzuki SX4 Crossover
2015 Suzuki Grand Vitara JP
2015 Suzuki Jimny
2015 Suzuki Swift
2015 Suzuki SX4 Crossover
2014 Suzuki Alto
2014 Suzuki Grand Vitara JP
2014 Suzuki Jimny
2014 Suzuki Swift
2014 Suzuki SX4
2014 Suzuki SX4 Crossover
2013 Suzuki Alto
2013 Suzuki Grand Vitara JP
2013 Suzuki Jimny
2013 Suzuki Super Carry
2013 Suzuki Swift
2013 Suzuki SX4
2012 Suzuki Alto
2012 Suzuki Grand Vitara JP
2012 Suzuki Jimny
2012 Suzuki Super Carry
2012 Suzuki Swift
2012 Suzuki SX4
2011 Suzuki Alto
2011 Suzuki Grand Vitara JP
2011 Suzuki Jimny
2011 Suzuki Super Carry
2011 Suzuki Swift
2011 Suzuki SX4
2010 Suzuki Alto
2010 Suzuki Grand Vitara JP
2010 Suzuki Jimny
2010 Suzuki Super Carry
2010 Suzuki SX-4 Hatchback
2010 Suzuki SX-4 Sedan
2009 Suzuki Grand Vitara JP
2009 Suzuki Jimny
2009 Suzuki Solio
2009 Suzuki Super Carry
2009 Suzuki Swift
2009 Suzuki SX4
2008 Suzuki Grand Vitara
2008 Suzuki Grand Vitara JP
2008 Suzuki Jimny
2008 Suzuki Solio
2008 Suzuki Swift
2008 Suzuki SX4
2017 Subaru BRZ
2017 Subaru Forester
2017 Subaru Impreza 4D
2017 Subaru Impreza 5D
2017 Subaru Legacy
2017 Subaru Levorg
2017 Subaru Outback
2017 Subaru WRX
2017 Subaru XV
2017 Subaru XV(NEW)
2016 Subaru BRZ
2016 Subaru Forester
2016 Subaru Forester(NEW)
2016 Subaru Impreza
2016 Subaru Legacy
2016 Subaru Levorg
2016 Subaru Outback
2016 Subaru WRX
2016 Subaru XV
2015 Subaru BRZ
2015 Subaru Forester
2015 Subaru Impreza
2015 Subaru Legacy
2015 Subaru Outback
2015 Subaru WRX
2015 Subaru XV
2014 Subaru BRZ
2014 Subaru Forester
2014 Subaru Impreza
2014 Subaru Impreza 4D
2014 Subaru Legacy Wagon
2014 Subaru Outback
2014 Subaru WRX
2014 Subaru XV
2013 Subaru BRZ
2013 Subaru Forester
2013 Subaru Impreza 4D
2013 Subaru Impreza 5D
2013 Subaru Impreza(NEW)
2013 Subaru Legacy Sedan
2013 Subaru Legacy Wagon
2013 Subaru Outback
2013 Subaru XV
2012 Subaru BRZ
2012 Subaru Forester
2012 Subaru Impreza 4D
2012 Subaru Impreza 5D
2012 Subaru Legacy Sedan
2012 Subaru Legacy Wagon
2012 Subaru Outback
2012 Subaru XV
2011 Subaru Forester
2011 Subaru Impreza 4D
2011 Subaru Impreza 5D
2011 Subaru Legacy Sedan
2011 Subaru Legacy Wagon
2011 Subaru Outback
2010 Subaru Forester
2010 Subaru Impreza
2010 Subaru Legacy Sedan
2010 Subaru Legacy Wagon
2010 Subaru Outback
2009 Subaru Forester
2009 Subaru Impreza
2008 Subaru Forester
2008 Subaru Impreza
2008 Subaru Legacy Station Wagon
2008 Subaru Outback
2017 Toyota 86
2017 Toyota Alphard
2017 Toyota C-HR
2017 Toyota Camry
2017 Toyota Corolla Altis
2017 Toyota Land Cruiser
2017 Toyota Previa
2017 Toyota Prius
2017 Toyota Prius Alpha
2017 Toyota Prius c
2017 Toyota Prius PHV
2017 Toyota RAV4
2017 Toyota Sienna
2017 Toyota Sienta
2017 Toyota Vios
2017 Toyota Yaris
2016 Toyota 86
2016 Toyota Alphard
2016 Toyota Camry
2016 Toyota Corolla Altis
2016 Toyota Innova
2016 Toyota Land Cruiser
2016 Toyota Previa
2016 Toyota Prius
2016 Toyota Prius Alpha
2016 Toyota Prius c
2016 Toyota RAV4
2016 Toyota Sienna
2016 Toyota Vios
2016 Toyota Vios(NEW)
2016 Toyota Wish
2016 Toyota Yaris
2016 Toyota Yaris(NEW)
2015 Toyota 86
2015 Toyota Alphard
2015 Toyota Alphard(NEW)
2015 Toyota Camry
2015 Toyota Camry(NEW)
2015 Toyota Corolla Altis
2015 Toyota Innova
2015 Toyota Land Cruiser
2015 Toyota Previa
2015 Toyota Prius
2015 Toyota Prius c
2015 Toyota RAV4
2015 Toyota Vios
2015 Toyota Wish
2015 Toyota X
2015 Toyota Yaris
2014 Toyota 86
2014 Toyota Alphard
2014 Toyota Camry
2014 Toyota Corolla Altis
2014 Toyota Innova
2014 Toyota Land Cruiser
2014 Toyota Previa
2014 Toyota Prius
2014 Toyota Prius c
2014 Toyota RAV4
2014 Toyota Vios
2014 Toyota Wish
2014 Toyota Yaris
2013 Toyota 86
2013 Toyota Alphard
2013 Toyota Camry
2013 Toyota Corolla Altis
2013 Toyota Innova
2013 Toyota Land Cruiser
2013 Toyota Previa
2013 Toyota Prius
2013 Toyota Prius c
2013 Toyota RAV4
2013 Toyota Vios
2013 Toyota Wish
2013 Toyota Yaris
2012 Toyota 86
2012 Toyota Alphard
2012 Toyota Camry
2012 Toyota Corolla Altis
2012 Toyota Innova
2012 Toyota Land Cruiser
2012 Toyota Previa
2012 Toyota Prius
2012 Toyota Prius c
2012 Toyota RAV4
2012 Toyota Vios
2012 Toyota Wish
2012 Toyota Yaris
2011 Toyota Alphard
2011 Toyota Camry
2011 Toyota Corolla Altis
2011 Toyota Innova
2011 Toyota Land Cruiser
2011 Toyota Previa
2011 Toyota Prius
2011 Toyota RAV4
2011 Toyota Vios
2011 Toyota Wish
2011 Toyota Yaris
2010 Toyota Alphard
2010 Toyota Camry
2010 Toyota Corolla Altis
2010 Toyota Innova
2010 Toyota Land Cruiser
2010 Toyota Previa
2010 Toyota Prius
2010 Toyota RAV4
2010 Toyota Vios
2010 Toyota Wish
2010 Toyota Yaris
2009 Toyota Camry
2009 Toyota Corolla Altis
2009 Toyota Innova
2009 Toyota Previa
2009 Toyota Prius
2009 Toyota Prius
2009 Toyota RAV4
2009 Toyota Vios
2009 Toyota Wish
2009 Toyota Yaris
2008 Toyota Camry
2008 Toyota Corolla Altis
2008 Toyota Innova
2008 Toyota Previa
2008 Toyota Prius Hybrid
2008 Toyota RAV4
2008 Toyota Vios
2008 Toyota Wish
2008 Toyota Yaris
2017 Volvo S60
2017 Volvo S90
2017 Volvo V40
2017 Volvo V40 Cross Country
2017 Volvo V60
2017 Volvo V60 Cross Country
2017 Volvo XC60
2017 Volvo XC90
2016 Volvo S60
2016 Volvo S80
2016 Volvo V40
2016 Volvo V40 Cross Country
2016 Volvo V60
2016 Volvo V60 Cross Country
2016 Volvo XC60
2016 Volvo XC70
2016 Volvo XC90
2015 Volvo S60
2015 Volvo S80
2015 Volvo V40
2015 Volvo V40 Cross Country
2015 Volvo V60
2015 Volvo XC60
2015 Volvo XC70
2014 Volvo S60
2014 Volvo S80
2014 Volvo V40
2014 Volvo V40 Cross Country
2014 Volvo V60
2014 Volvo XC60
2014 Volvo XC70
2014 Volvo XC90
2013 Volvo S60
2013 Volvo S80
2013 Volvo V40
2013 Volvo V60
2013 Volvo XC60
2013 Volvo XC70
2013 Volvo XC90
2012 Volvo C30
2012 Volvo C70
2012 Volvo S40
2012 Volvo S60
2012 Volvo S80
2012 Volvo V50
2012 Volvo V60
2012 Volvo XC60
2012 Volvo XC70
2012 Volvo XC90
2011 Volvo C30
2011 Volvo C70
2011 Volvo S40
2011 Volvo S60
2011 Volvo S80
2011 Volvo V50
2011 Volvo XC60
2011 Volvo XC70
2011 Volvo XC90
2010 Volvo C30
2010 Volvo C70
2010 Volvo S40
2010 Volvo S80
2010 Volvo V50
2010 Volvo XC60
2010 Volvo XC70
2010 Volvo XC90
2009 Volvo C70
2009 Volvo S40
2009 Volvo S60
2009 Volvo S80
2009 Volvo V50
2009 Volvo XC60
2009 Volvo XC70
2009 Volvo XC90
2017 Volkswagen Beetle
2017 Volkswagen Caddy
2017 Volkswagen California
2017 Volkswagen Caravelle
2017 Volkswagen Freestyle
2017 Volkswagen Golf
2017 Volkswagen Golf Variant
2017 Volkswagen Golf Variant(NEW)
2017 Volkswagen Golf(NEW)
2017 Volkswagen Kombi
2017 Volkswagen Multivan
2017 Volkswagen Passat Sedan
2017 Volkswagen Passat Variant
2017 Volkswagen Polo
2017 Volkswagen Sharan
2017 Volkswagen Sportsvan
2017 Volkswagen Tiguan
2017 Volkswagen Touran
2016 Volkswagen Amarok
2016 Volkswagen Beetle
2016 Volkswagen Caddy
2016 Volkswagen Caravelle
2016 Volkswagen CC
2016 Volkswagen Crafter GP
2016 Volkswagen Golf
2016 Volkswagen Golf Variant
2016 Volkswagen Kombi
2016 Volkswagen Multivan
2016 Volkswagen Passat Sedan
2016 Volkswagen Passat Variant
2016 Volkswagen Phaeton
2016 Volkswagen Polo
2016 Volkswagen Scirocco
2016 Volkswagen Sharan
2016 Volkswagen Sportsvan
2016 Volkswagen Tiguan GP
2016 Volkswagen Touareg
2016 Volkswagen Touran
2016 Volkswagen Vento
2015 Volkswagen Amarok
2015 Volkswagen Beetle
2015 Volkswagen Caddy
2015 Volkswagen California
2015 Volkswagen Caravelle
2015 Volkswagen Crafter GP
2015 Volkswagen Golf
2015 Volkswagen Multivan
2015 Volkswagen Passat Sedan
2015 Volkswagen Passat Variant
2015 Volkswagen Polo
2015 Volkswagen Scirocco
2015 Volkswagen Sharan
2015 Volkswagen Tiguan GP
2015 Volkswagen Touareg
2015 Volkswagen Touran
2015 Volkswagen Vento
2014 Volkswagen Amarok
2014 Volkswagen Beetle
2014 Volkswagen Caddy
2014 Volkswagen California
2014 Volkswagen Caravelle
2014 Volkswagen CC
2014 Volkswagen Crafter GP
2014 Volkswagen Golf
2014 Volkswagen Golf Variant
2014 Volkswagen Multivan
2014 Volkswagen Passat Sedan
2014 Volkswagen Passat Variant
2014 Volkswagen Phaeton
2014 Volkswagen Polo
2014 Volkswagen Polo(NEW)
2014 Volkswagen Scirocco
2014 Volkswagen Sharan
2014 Volkswagen Tiguan GP
2014 Volkswagen Touareg
2014 Volkswagen Touran
2014 Volkswagen Vento
2013 Volkswagen Amarok
2013 Volkswagen Beetle
2013 Volkswagen Caddy
2013 Volkswagen California
2013 Volkswagen Caravelle
2013 Volkswagen CC
2013 Volkswagen Crafter GP
2013 Volkswagen Golf
2013 Volkswagen Golf Plus
2013 Volkswagen Golf Variant
2013 Volkswagen Golf(NEW)
2013 Volkswagen Jetta
2013 Volkswagen Multivan
2013 Volkswagen Passat Sedan
2013 Volkswagen Passat Variant
2013 Volkswagen Phaeton
2013 Volkswagen Polo
2013 Volkswagen Scirocco
2013 Volkswagen Tiguan GP
2013 Volkswagen Touareg
2013 Volkswagen Touran
2012 Volkswagen Amarok
2012 Volkswagen Caddy
2012 Volkswagen California
2012 Volkswagen Caravelle
2012 Volkswagen CC
2012 Volkswagen Crafter GP
2012 Volkswagen Golf
2012 Volkswagen Golf Plus
2012 Volkswagen Golf Variant
2012 Volkswagen Jetta
2012 Volkswagen Multivan
2012 Volkswagen Passat Sedan
2012 Volkswagen Passat Variant
2012 Volkswagen Phaeton
2012 Volkswagen Polo
2012 Volkswagen Scirocco
2012 Volkswagen Tiguan GP
2012 Volkswagen Touareg
2012 Volkswagen Touran
2011 Volkswagen Caddy
2011 Volkswagen California
2011 Volkswagen Caravelle
2011 Volkswagen Crafter
2011 Volkswagen Golf
2011 Volkswagen Golf Plus
2011 Volkswagen Golf Variant
2011 Volkswagen Kombi
2011 Volkswagen Multivan
2011 Volkswagen Passat CC
2011 Volkswagen Passat Sedan
2011 Volkswagen Passat Variant
2011 Volkswagen Phaeton
2011 Volkswagen Polo
2011 Volkswagen Scirocco
2011 Volkswagen Tiguan
2011 Volkswagen Touareg
2011 Volkswagen Touran
2010 Volkswagen Beetle
2010 Volkswagen Caddy Maxi
2010 Volkswagen California
2010 Volkswagen Caravelle
2010 Volkswagen Crafter
2010 Volkswagen Golf
2010 Volkswagen Golf Plus
2010 Volkswagen Jetta
2010 Volkswagen Kombi
2010 Volkswagen Multivan
2010 Volkswagen Passat CC
2010 Volkswagen Passat Sedan
2010 Volkswagen Passat Variant
2010 Volkswagen Polo
2010 Volkswagen Scirocco
2010 Volkswagen Tiguan
2010 Volkswagen Touran
2009 Volkswagen Caddy Maxi
2009 Volkswagen Crafter
2009 Volkswagen Golf
2009 Volkswagen New Bettle
2009 Volkswagen Passat
2009 Volkswagen Passat CC
2009 Volkswagen Passat Variant R36
2009 Volkswagen Phaeton
2009 Volkswagen Scirocco
2009 Volkswagen T5
2009 Volkswagen Tiguan
2009 Volkswagen Touareg R50
2008 Volkswagen Beetle
2008 Volkswagen Caddy Maxi
2008 Volkswagen Crafter
2008 Volkswagen Eos
2008 Volkswagen Golf
2008 Volkswagen Golf GTI
2008 Volkswagen Golf Plus
2008 Volkswagen Golf R32
2008 Volkswagen Jetta
2008 Volkswagen Passat
2008 Volkswagen Passat Variant
2008 Volkswagen Phaeton
2008 Volkswagen Polo
2008 Volkswagen T5
2008 Volkswagen Tiguan
2008 Volkswagen Touareg
